row_index,source,task_type,method,hard_tail_score,mean_logprob,min_logprob,worst_context,quality_flags,manifest_match
1,<text:6>,<text:15>,<text:16>,-26.16148567199707,-0.4498834013938904,-26.16148567199707,<text:68>,<text:50>,<text:6>
2,<text:6>,<text:11>,<text:16>,-25.06364631652832,-0.82466059923172,-25.06364631652832,<text:83>,<text:65>,<text:6>
3,<text:6>,<text:11>,<text:16>,-25.06342887878418,-0.773232638835907,-25.06342887878418,<text:83>,<text:65>,<text:6>
4,<text:6>,<text:11>,<text:16>,-24.87602996826172,-0.6268285512924194,-24.87602996826172,<text:83>,<text:65>,<text:6>
5,<text:6>,<text:11>,<text:16>,-24.875988006591797,-0.34263527393341064,-24.875988006591797,<text:83>,<text:50>,<text:6>
6,<text:6>,<text:11>,<text:16>,-24.87569808959961,-0.6350048184394836,-24.87569808959961,<text:83>,<text:65>,<text:6>
7,<text:6>,<text:17>,<text:23>,-23.20354461669922,-3.6727545261383057,-23.20354461669922,<text:80>,<text:50>,<text:6>
8,<text:6>,<text:16>,<text:18>,-23.024776458740234,-2.8815999031066895,-23.024776458740234,<text:72>,<text:50>,<text:6>
9,<text:6>,<text:16>,<text:17>,-23.01997947692871,-2.6147358417510986,-23.01997947692871,<text:72>,<text:50>,<text:6>
10,<text:6>,<text:17>,<text:23>,-22.676799774169922,-3.7225799560546875,-22.676799774169922,<text:80>,<text:50>,<text:6>
11,<text:6>,<text:14>,<text:13>,-20.948745727539062,-2.286938428878784,-20.948745727539062,<text:72>,<text:50>,<text:6>
12,<text:6>,<text:14>,<text:13>,-20.839820861816406,-2.3486766815185547,-20.839820861816406,<text:72>,<text:50>,<text:6>
13,<text:6>,<text:15>,<text:13>,-20.530683517456055,-2.380274772644043,-20.530683517456055,<text:76>,<text:50>,<text:6>
14,<text:6>,<text:14>,<text:13>,-20.413599014282227,-2.138873815536499,-20.413599014282227,<text:72>,<text:50>,<text:6>
15,<text:6>,<text:15>,<text:13>,-20.364355087280273,-2.4560647010803223,-20.364355087280273,<text:76>,<text:50>,<text:6>
16,<text:6>,<text:14>,<text:13>,-20.3248233795166,-2.213855028152466,-20.3248233795166,<text:72>,<text:50>,<text:6>
17,<text:6>,<text:15>,<text:13>,-20.23877716064453,-2.3724818229675293,-20.23877716064453,<text:76>,<text:50>,<text:6>
18,<text:4>,<text:16>,<text:31>,-18.497699737548828,-0.4061996042728424,-18.497699737548828,<text:39>,<text:65>,<text:6>
19,<text:4>,<text:16>,<text:31>,-18.207738876342773,-0.4437669515609741,-18.207738876342773,<text:39>,<text:65>,<text:6>
20,<text:6>,<text:16>,<text:31>,-17.906864166259766,-0.5194982886314392,-17.906864166259766,<text:42>,<text:47>,<text:6>
21,<text:6>,<text:16>,<text:31>,-17.88060760498047,-0.5438380241394043,-17.88060760498047,<text:42>,<text:47>,<text:6>
22,<text:6>,<text:16>,<text:31>,-17.66025161743164,-0.4918977916240692,-17.66025161743164,<text:42>,<text:47>,<text:6>
23,<text:6>,<text:16>,<text:31>,-17.418724060058594,-0.5437137484550476,-17.418724060058594,<text:42>,<text:47>,<text:6>
24,<text:4>,<text:16>,<text:31>,-17.32557487487793,-0.44065919518470764,-17.32557487487793,<text:39>,<text:65>,<text:6>
25,<text:6>,<text:16>,<text:16>,-17.157745361328125,-0.4838298559188843,-17.157745361328125,<text:70>,<text:65>,<text:6>
26,<text:6>,<text:16>,<text:16>,-16.793230056762695,-0.45676904916763306,-16.793230056762695,<text:70>,<text:65>,<text:6>
27,<text:11>,<text:17>,<text:20>,-16.66914176940918,-1.3000038862228394,-16.66914176940918,<text:24>,<text:65>,<text:6>
28,<text:11>,<text:17>,<text:20>,-16.488008499145508,-1.7491050958633423,-16.488008499145508,<text:92>,<text:65>,<text:6>
29,<text:6>,<text:16>,<text:16>,-16.389856338500977,-0.3088935911655426,-16.389856338500977,<text:81>,<text:65>,<text:6>
30,<text:6>,<text:16>,<text:16>,-16.268840789794922,-0.4429391622543335,-16.268840789794922,<text:84>,<text:65>,<text:6>
31,<text:11>,<text:17>,<text:20>,-16.235313415527344,-1.484991431236267,-16.235313415527344,<text:24>,<text:65>,<text:6>
32,<text:6>,<text:11>,<text:22>,-15.98791217803955,-2.6078712940216064,-15.98791217803955,<text:66>,<text:50>,<text:6>
33,<text:11>,<text:17>,<text:20>,-15.946356773376465,-1.228651523590088,-15.946356773376465,<text:24>,<text:65>,<text:6>
34,<text:6>,<text:7>,<text:16>,-15.938920974731445,-0.7849761247634888,-15.938920974731445,<text:70>,<text:50>,<text:6>
35,<text:11>,<text:17>,<text:20>,-15.843487739562988,-1.581003189086914,-15.843487739562988,<text:87>,<text:65>,<text:6>
36,<text:11>,<text:17>,<text:20>,-15.803366661071777,-1.4140218496322632,-15.803366661071777,<text:61>,<text:65>,<text:6>
37,<text:6>,<text:11>,<text:22>,-15.76292896270752,-3.070223331451416,-15.76292896270752,<text:66>,<text:50>,<text:6>
38,<text:6>,<text:11>,<text:22>,-15.734508514404297,-2.426436424255371,-15.734508514404297,<text:66>,<text:50>,<text:6>
39,<text:11>,<text:17>,<text:20>,-15.733440399169922,-1.4788825511932373,-15.733440399169922,<text:99>,<text:65>,<text:6>
40,<text:6>,<text:15>,<text:16>,-15.690279960632324,-1.7556949853897095,-15.690279960632324,<text:56>,<text:50>,<text:6>
41,<text:6>,<text:17>,<text:16>,-15.592960357666016,-1.236154317855835,-15.592960357666016,<text:88>,<text:65>,<text:6>
42,<text:11>,<text:17>,<text:20>,-15.440006256103516,-1.550669550895691,-15.440006256103516,<text:99>,<text:65>,<text:6>
43,<text:11>,<text:17>,<text:20>,-15.366782188415527,-1.3720353841781616,-15.366782188415527,<text:24>,<text:65>,<text:6>
44,<text:11>,<text:17>,<text:20>,-15.330265045166016,-1.699385166168213,-15.330265045166016,<text:99>,<text:65>,<text:6>
45,<text:7>,<text:11>,<text:16>,-14.91523551940918,-0.794697105884552,-14.91523551940918,<text:74>,<text:47>,<text:6>
46,<text:11>,<text:17>,<text:20>,-14.753873825073242,-1.457049012184143,-14.753873825073242,<text:24>,<text:65>,<text:6>
47,<text:8>,<text:16>,<text:22>,-14.515029907226562,-0.8103546500205994,-14.515029907226562,<text:68>,<text:50>,<text:6>
48,<text:7>,<text:14>,<text:16>,-13.447471618652344,-1.2279338836669922,-13.447471618652344,<text:34>,<text:47>,<text:6>
49,<text:7>,<text:16>,<text:16>,-12.954246520996094,-1.0014660358428955,-12.954246520996094,<text:53>,<text:47>,<text:6>
50,<text:7>,<text:15>,<text:16>,-11.953520774841309,-1.1373494863510132,-11.953520774841309,<text:102>,<text:47>,<text:6>
51,<text:7>,<text:15>,<text:16>,-11.885851860046387,-1.1660312414169312,-11.885851860046387,<text:102>,<text:47>,<text:6>
52,<text:7>,<text:15>,<text:16>,-11.818280220031738,-1.1904844045639038,-11.818280220031738,<text:102>,<text:47>,<text:6>
53,<text:7>,<text:15>,<text:16>,-11.375064849853516,-1.4888920783996582,-11.375064849853516,<text:21>,<text:47>,<text:6>
54,<text:7>,<text:15>,<text:16>,-11.250110626220703,-1.4968265295028687,-11.250110626220703,<text:21>,<text:47>,<text:6>
55,<text:7>,<text:15>,<text:16>,-11.033712387084961,-1.5660831928253174,-11.033712387084961,<text:88>,<text:47>,<text:6>
56,<text:7>,<text:15>,<text:16>,-10.912714004516602,-1.280382752418518,-10.912714004516602,<text:93>,<text:47>,<text:6>
57,<text:7>,<text:17>,<text:16>,-10.030611038208008,-1.5383026599884033,-10.030611038208008,<text:104>,<text:47>,<text:6>
