row_index,source,task_type,method,hard_tail_score,content_min_logprob,content_mean_logprob,content_worst_context,quality_flags,manifest_match
1,<text:4>,<text:16>,<text:31>,-18.497699737548828,-18.497699737548828,-0.397360622882843,<text:39>,<text:65>,<text:6>
2,<text:4>,<text:16>,<text:31>,-18.207738876342773,-18.207738876342773,-0.4344024658203125,<text:39>,<text:65>,<text:6>
3,<text:6>,<text:16>,<text:31>,-17.906864166259766,-17.906864166259766,-0.4441283643245697,<text:42>,<text:47>,<text:6>
4,<text:6>,<text:16>,<text:31>,-17.88060760498047,-17.88060760498047,-0.4646652340888977,<text:42>,<text:47>,<text:6>
5,<text:6>,<text:16>,<text:31>,-17.66025161743164,-17.66025161743164,-0.4191890358924866,<text:42>,<text:47>,<text:6>
6,<text:6>,<text:16>,<text:31>,-17.418724060058594,-17.418724060058594,-0.46324577927589417,<text:42>,<text:47>,<text:6>
7,<text:6>,<text:11>,<text:16>,-17.36675262451172,-17.36675262451172,-0.5813571810722351,<text:68>,<text:65>,<text:6>
8,<text:4>,<text:16>,<text:31>,-17.32557487487793,-17.32557487487793,-0.4311937689781189,<text:39>,<text:65>,<text:6>
9,<text:6>,<text:16>,<text:16>,-17.157745361328125,-17.157745361328125,-0.46804073452949524,<text:70>,<text:65>,<text:6>
10,<text:6>,<text:15>,<text:13>,-16.990978240966797,-16.990978240966797,-1.5636026859283447,<text:73>,<text:50>,<text:6>
11,<text:6>,<text:11>,<text:16>,-16.98826026916504,-16.98826026916504,-0.5840476155281067,<text:96>,<text:65>,<text:6>
12,<text:6>,<text:16>,<text:16>,-16.793230056762695,-16.793230056762695,-0.43434080481529236,<text:70>,<text:65>,<text:6>
13,<text:6>,<text:11>,<text:16>,-16.709535598754883,-16.709535598754883,-0.7202631831169128,<text:96>,<text:65>,<text:6>
14,<text:11>,<text:17>,<text:20>,-16.66914176940918,-16.66914176940918,-1.2683969736099243,<text:24>,<text:65>,<text:6>
15,<text:6>,<text:15>,<text:13>,-16.49616241455078,-16.49616241455078,-1.5268524885177612,<text:73>,<text:50>,<text:6>
16,<text:11>,<text:17>,<text:20>,-16.488008499145508,-16.488008499145508,-1.717498779296875,<text:92>,<text:65>,<text:6>
17,<text:6>,<text:15>,<text:13>,-16.250303268432617,-16.250303268432617,-1.5095720291137695,<text:73>,<text:50>,<text:6>
18,<text:11>,<text:17>,<text:20>,-16.235313415527344,-16.235313415527344,-1.452289342880249,<text:24>,<text:65>,<text:6>
19,<text:6>,<text:11>,<text:16>,-16.11412239074707,-16.11412239074707,-0.7639322280883789,<text:96>,<text:65>,<text:6>
20,<text:6>,<text:11>,<text:16>,-16.033273696899414,-16.033273696899414,-0.26419657468795776,<text:63>,<text:50>,<text:6>
21,<text:11>,<text:17>,<text:20>,-15.946356773376465,-15.946356773376465,-1.1969553232192993,<text:24>,<text:65>,<text:6>
22,<text:11>,<text:17>,<text:20>,-15.843487739562988,-15.843487739562988,-1.5476261377334595,<text:87>,<text:65>,<text:6>
23,<text:11>,<text:17>,<text:20>,-15.803366661071777,-15.803366661071777,-1.3741201162338257,<text:61>,<text:65>,<text:6>
24,<text:11>,<text:17>,<text:20>,-15.733440399169922,-15.733440399169922,-1.4469785690307617,<text:99>,<text:65>,<text:6>
25,<text:6>,<text:15>,<text:16>,-15.690279960632324,-15.690279960632324,-1.3347944021224976,<text:56>,<text:50>,<text:6>
26,<text:6>,<text:16>,<text:16>,-15.529720306396484,-15.529720306396484,-0.4227937161922455,<text:22>,<text:65>,<text:6>
27,<text:11>,<text:17>,<text:20>,-15.440006256103516,-15.440006256103516,-1.5158330202102661,<text:99>,<text:65>,<text:6>
28,<text:11>,<text:17>,<text:20>,-15.366782188415527,-15.366782188415527,-1.3395551443099976,<text:24>,<text:65>,<text:6>
29,<text:11>,<text:17>,<text:20>,-15.330265045166016,-15.330265045166016,-1.6623249053955078,<text:99>,<text:65>,<text:6>
30,<text:6>,<text:16>,<text:16>,-15.32100772857666,-15.32100772857666,-0.2925357520580292,<text:22>,<text:65>,<text:6>
31,<text:7>,<text:11>,<text:16>,-14.91523551940918,-14.91523551940918,-0.6606926918029785,<text:74>,<text:47>,<text:6>
32,<text:11>,<text:17>,<text:20>,-14.753873825073242,-14.753873825073242,-1.4239786863327026,<text:24>,<text:65>,<text:6>
33,<text:6>,<text:7>,<text:16>,-13.904645919799805,-13.904645919799805,-0.6679746508598328,<text:75>,<text:50>,<text:6>
34,<text:6>,<text:17>,<text:16>,-13.901628494262695,-13.901628494262695,-1.1969513893127441,<text:81>,<text:65>,<text:6>
35,<text:8>,<text:16>,<text:22>,-13.895113945007324,-13.895113945007324,-0.7426689863204956,<text:68>,<text:50>,<text:6>
36,<text:6>,<text:17>,<text:23>,-13.80191421508789,-13.80191421508789,-2.8787004947662354,<text:49>,<text:50>,<text:6>
37,<text:6>,<text:15>,<text:16>,-13.750113487243652,-13.750113487243652,-0.36367589235305786,<text:29>,<text:50>,<text:6>
38,<text:6>,<text:11>,<text:22>,-13.690595626831055,-13.690595626831055,-1.6389927864074707,<text:71>,<text:50>,<text:6>
39,<text:6>,<text:17>,<text:23>,-13.669370651245117,-13.669370651245117,-2.8012633323669434,<text:55>,<text:50>,<text:6>
40,<text:7>,<text:14>,<text:16>,-13.447471618652344,-13.447471618652344,-0.8666399717330933,<text:34>,<text:47>,<text:6>
41,<text:6>,<text:11>,<text:22>,-13.427791595458984,-13.427791595458984,-2.200313091278076,<text:61>,<text:50>,<text:6>
42,<text:6>,<text:11>,<text:22>,-12.95703125,-12.95703125,-1.7759124040603638,<text:61>,<text:50>,<text:6>
43,<text:7>,<text:16>,<text:16>,-12.954246520996094,-12.954246520996094,-0.86918044090271,<text:53>,<text:47>,<text:6>
44,<text:6>,<text:16>,<text:18>,-12.922282218933105,-12.922282218933105,-1.8233850002288818,<text:37>,<text:50>,<text:6>
45,<text:7>,<text:15>,<text:16>,-11.375064849853516,-11.375064849853516,-1.174195408821106,<text:21>,<text:47>,<text:6>
46,<text:7>,<text:15>,<text:16>,-11.250110626220703,-11.250110626220703,-1.1622017621994019,<text:21>,<text:47>,<text:6>
47,<text:7>,<text:15>,<text:16>,-10.086837768554688,-10.086837768554688,-0.8939053416252136,<text:67>,<text:47>,<text:6>
48,<text:7>,<text:17>,<text:16>,-9.642480850219727,-9.642480850219727,-1.393739104270935,<text:69>,<text:47>,<text:6>
49,<text:6>,<text:16>,<text:17>,-9.375126838684082,-9.375126838684082,-1.4410308599472046,<text:32>,<text:50>,<text:6>
50,<text:7>,<text:15>,<text:16>,-9.306305885314941,-9.306305885314941,-0.9388543963432312,<text:60>,<text:47>,<text:6>
51,<text:7>,<text:15>,<text:16>,-8.926613807678223,-8.926613807678223,-0.9332993626594543,<text:72>,<text:47>,<text:6>
52,<text:7>,<text:15>,<text:16>,-8.307204246520996,-8.307204246520996,-0.8826720714569092,<text:72>,<text:47>,<text:6>
53,<text:7>,<text:15>,<text:16>,-7.772818565368652,-7.772818565368652,-0.8982821106910706,<text:72>,<text:47>,<text:6>
54,<text:6>,<text:14>,<text:13>,-4.807003974914551,-4.807003974914551,-0.5104507803916931,<text:47>,<text:50>,<text:6>
55,<text:6>,<text:14>,<text:13>,-4.578738689422607,-4.578738689422607,-0.5168395042419434,<text:48>,<text:50>,<text:6>
56,<text:6>,<text:14>,<text:13>,-4.551122188568115,-4.551122188568115,-0.5139639377593994,<text:38>,<text:50>,<text:6>
57,<text:6>,<text:14>,<text:13>,-4.379351615905762,-4.379351615905762,-0.5538819432258606,<text:38>,<text:50>,<text:6>
