row_index,source_root,notebook_dir,title,code_file,language,kernel_type,enable_gpu,enable_tpu,enable_internet,machine_shape,file_count,ipynb_count,py_count,json_count,cell_count,dataset_sources,model_sources,kernel_sources,competition_sources,kaggle_dataset_refs,kaggle_model_refs,kaggle_kernel_refs,github_urls,http_urls,matched_keywords,keyword_counts,parse_error_count,parse_errors
1,<text:9>,<text:50>,<text:29>,<text:35>,<text:6>,<text:8>,<text:5>,<text:5>,<text:5>,<text:4>,3,1,1,1,3,,<text:57>,,<text:41>,,<text:57>,,,,<text:14>,<text:26>,0,
2,<text:9>,<text:58>,<text:39>,<text:45>,<text:6>,<text:8>,<text:4>,<text:5>,<text:5>,<text:16>,3,1,1,1,2,,,<text:34>,<text:41>,,,<text:34>,,,<text:20>,<text:35>,0,
3,<text:9>,<text:45>,<text:19>,<text:24>,<text:6>,<text:8>,<text:4>,<text:5>,<text:5>,<text:16>,3,1,1,1,7,,<text:48>,,<text:41>,,<text:48>,,,,<text:20>,<text:35>,0,
4,<text:9>,<text:46>,<text:27>,<text:33>,<text:6>,<text:8>,<text:4>,<text:5>,<text:5>,<text:16>,2,1,0,1,26,,<text:58>,<text:147>,<text:41>,,<text:58>,<text:193>,,<text:71>,<text:44>,<text:67>,0,
5,<text:9>,<text:52>,<text:33>,<text:39>,<text:6>,<text:8>,<text:4>,<text:5>,<text:5>,<text:16>,3,1,1,1,7,<text:93>,<text:58>,,<text:41>,<text:93>,<text:58>,,<text:79>,<text:120>,<text:54>,<text:87>,0,
6,<text:9>,<text:45>,<text:26>,<text:32>,<text:6>,<text:8>,<text:4>,<text:5>,<text:5>,<text:16>,2,1,0,1,54,,<text:160>,<text:109>,<text:41>,,<text:160>,<text:109>,,,<text:52>,<text:80>,0,
7,<text:9>,<text:45>,<text:27>,<text:21>,<text:6>,<text:6>,<text:5>,<text:5>,<text:5>,<text:4>,2,0,1,1,0,,,<text:34>,<text:41>,,,<text:34>,,,<text:4>,<text:11>,0,
8,<text:9>,<text:43>,<text:34>,<text:31>,<text:6>,<text:8>,<text:4>,<text:5>,<text:5>,<text:16>,2,1,0,1,16,<text:174>,<text:58>,<text:34>,<text:41>,<text:174>,<text:58>,<text:34>,,,<text:37>,<text:60>,0,
9,<text:9>,<text:48>,<text:42>,<text:33>,<text:6>,<text:6>,<text:4>,<text:5>,<text:5>,<text:16>,2,0,1,1,0,<text:174>,<text:58>,<text:34>,<text:41>,<text:174>,<text:58>,<text:34>,,,<text:26>,<text:45>,0,
10,<text:9>,<text:48>,<text:30>,<text:33>,<text:6>,<text:6>,<text:5>,<text:5>,<text:5>,,2,0,1,1,0,,,<text:49>,<text:41>,,,<text:49>,,,<text:20>,<text:35>,0,
11,<text:9>,<text:41>,<text:23>,<text:26>,<text:6>,<text:6>,<text:4>,<text:5>,<text:5>,<text:16>,3,1,1,1,7,<text:88>,<text:118>,,<text:41>,<text:88>,<text:118>,,<text:79>,<text:120>,<text:54>,<text:87>,0,
12,<text:9>,<text:52>,<text:34>,<text:37>,<text:6>,<text:6>,<text:4>,<text:5>,<text:5>,<text:16>,2,0,1,1,0,<text:88>,<text:118>,,<text:41>,<text:88>,<text:118>,,<text:79>,<text:120>,<text:44>,<text:73>,0,
13,<text:9>,<text:59>,<text:41>,<text:44>,<text:6>,<text:6>,<text:4>,<text:5>,<text:5>,<text:16>,2,0,1,1,0,<text:88>,<text:118>,,<text:41>,<text:88>,<text:118>,,<text:79>,<text:120>,<text:44>,<text:73>,0,
14,<text:9>,<text:48>,<text:30>,<text:33>,<text:6>,<text:6>,<text:5>,<text:5>,<text:5>,,2,0,1,1,0,,<text:57>,<text:30>,<text:41>,,<text:57>,<text:30>,,,<text:28>,<text:47>,0,
15,<text:9>,<text:46>,<text:28>,<text:39>,<text:6>,<text:6>,<text:4>,<text:5>,<text:5>,<text:16>,5,0,3,2,0,<text:310>,<text:118>,,<text:41>,<text:310>,<text:118>,,,,<text:43>,<text:69>,0,
16,<text:9>,<text:52>,<text:35>,<text:36>,<text:6>,<text:8>,<text:5>,<text:5>,<text:5>,<text:4>,3,1,1,1,10,,<text:184>,<text:34>,<text:41>,,<text:184>,<text:34>,,,<text:22>,<text:37>,0,
17,<text:9>,<text:60>,<text:41>,<text:47>,<text:6>,<text:8>,<text:5>,<text:5>,<text:4>,<text:4>,3,1,1,1,17,,<text:923>,,<text:41>,,<text:923>,<text:216>,,<text:413>,<text:26>,<text:48>,0,
18,<text:9>,<text:40>,<text:22>,<text:28>,<text:6>,<text:8>,<text:4>,<text:5>,<text:5>,<text:16>,3,1,1,1,1,,<text:58>,<text:35>,,,<text:58>,<text:35>,,,<text:22>,<text:37>,0,
19,<text:9>,<text:55>,<text:31>,<text:37>,<text:6>,<text:8>,<text:4>,<text:5>,<text:5>,<text:16>,3,1,1,1,4,,<text:58>,<text:34>,<text:41>,,<text:58>,<text:34>,,,<text:14>,<text:25>,0,
20,<text:9>,<text:67>,<text:40>,<text:44>,<text:6>,<text:8>,<text:5>,<text:5>,<text:5>,<text:4>,3,1,1,1,1,<text:144>,<text:1094>,<text:60>,<text:41>,<text:144>,<text:1094>,<text:60>,,,<text:37>,<text:61>,0,
21,<text:9>,<text:38>,<text:12>,<text:18>,<text:6>,<text:8>,<text:4>,<text:5>,<text:5>,<text:13>,3,1,1,1,6,<text:85>,<text:109>,<text:245>,<text:41>,<text:85>,<text:109>,<text:245>,,,<text:37>,<text:60>,0,
22,<text:20>,<text:64>,<text:34>,,<text:6>,,,,,,3,1,1,1,18,,,,,,,,,,<text:27>,<text:47>,0,
23,<text:20>,<text:46>,<text:12>,,<text:6>,<text:8>,<text:4>,,<text:5>,<text:16>,3,1,1,1,4,,,,,,,,,,<text:21>,<text:38>,0,
24,<text:20>,<text:46>,<text:12>,<text:18>,<text:6>,<text:8>,<text:5>,<text:5>,<text:5>,<text:4>,4,1,1,2,7,<text:44>,<text:58>,,<text:41>,<text:44>,<text:58>,,,,<text:13>,<text:24>,0,
25,<text:20>,<text:62>,<text:26>,,<text:6>,<text:8>,<text:4>,,<text:5>,<text:16>,3,1,1,1,25,,,,,,,,,,<text:26>,<text:47>,0,
26,<text:20>,<text:56>,<text:21>,<text:27>,<text:6>,<text:8>,<text:4>,<text:5>,<text:5>,<text:16>,4,1,1,2,12,<text:26>,<text:109>,<text:34>,<text:41>,<text:26>,<text:109>,<text:34>,,,<text:14>,<text:25>,0,
27,<text:20>,<text:74>,<text:45>,,<text:6>,<text:8>,<text:5>,,<text:5>,<text:4>,3,1,1,1,16,,,,,,,<text:148>,,<text:530>,<text:53>,<text:88>,0,
28,<text:20>,<text:47>,<text:8>,,<text:6>,,,,,,3,1,1,1,13,,,,,,,,,,<text:25>,<text:43>,0,
29,<text:20>,<text:62>,<text:26>,<text:32>,<text:6>,<text:8>,<text:5>,<text:5>,<text:4>,<text:4>,4,1,1,2,15,<text:93>,<text:58>,<text:41>,<text:41>,<text:93>,<text:58>,<text:41>,,,<text:22>,<text:38>,0,
30,<text:24>,<text:56>,<text:20>,<text:26>,<text:6>,<text:8>,<text:4>,<text:5>,<text:5>,<text:16>,2,1,0,1,51,<text:27>,<text:58>,<text:76>,<text:41>,<text:27>,<text:58>,<text:76>,<text:69>,<text:174>,<text:68>,<text:113>,0,
31,<text:24>,<text:69>,<text:33>,<text:39>,<text:6>,<text:8>,<text:4>,<text:5>,<text:5>,<text:16>,2,1,0,1,16,<text:116>,<text:58>,<text:86>,<text:41>,<text:116>,<text:58>,<text:123>,<text:39>,<text:104>,<text:35>,<text:61>,0,
32,<text:24>,<text:70>,<text:33>,<text:39>,<text:6>,<text:8>,<text:4>,<text:5>,<text:5>,<text:16>,2,1,0,1,1,,,,,,,,,,<text:9>,<text:20>,0,
33,<text:24>,<text:78>,<text:44>,<text:50>,<text:6>,<text:8>,<text:4>,<text:5>,<text:4>,<text:13>,2,1,0,1,4,,<text:48>,,<text:41>,,<text:48>,,<text:97>,<text:97>,<text:29>,<text:49>,0,
34,<text:24>,<text:49>,<text:14>,<text:20>,<text:6>,<text:8>,<text:4>,<text:5>,<text:5>,<text:16>,2,1,0,1,13,<text:37>,<text:58>,<text:34>,<text:41>,<text:37>,<text:58>,<text:34>,<text:146>,<text:295>,<text:45>,<text:74>,0,
35,<text:24>,<text:71>,<text:33>,<text:39>,<text:6>,<text:8>,<text:4>,<text:5>,<text:5>,<text:16>,2,1,0,1,96,<text:234>,<text:58>,,<text:41>,<text:234>,<text:58>,,<text:39>,<text:152>,<text:36>,<text:62>,0,
36,<text:24>,<text:71>,<text:37>,<text:43>,<text:6>,<text:8>,<text:5>,<text:5>,<text:4>,<text:4>,2,1,0,1,3,,,,<text:41>,,,,,<text:45>,<text:3>,<text:10>,0,
37,<text:24>,<text:90>,<text:50>,<text:56>,<text:6>,<text:8>,<text:5>,<text:5>,<text:4>,<text:4>,2,1,0,1,2,,<text:108>,,<text:41>,,<text:108>,,<text:68>,<text:68>,<text:14>,<text:26>,0,
38,<text:24>,<text:78>,<text:38>,<text:44>,<text:6>,<text:8>,<text:5>,<text:5>,<text:4>,<text:4>,2,1,0,1,2,,<text:108>,,<text:41>,,<text:108>,,<text:68>,<text:68>,<text:14>,<text:26>,0,
39,<text:24>,<text:70>,<text:30>,<text:36>,<text:6>,<text:8>,<text:5>,<text:5>,<text:4>,<text:4>,2,1,0,1,2,,<text:108>,,<text:41>,,<text:108>,,<text:68>,<text:68>,<text:14>,<text:26>,0,
40,<text:24>,<text:46>,<text:13>,<text:19>,<text:6>,<text:8>,<text:4>,<text:5>,<text:5>,<text:16>,2,1,0,1,7,<text:87>,<text:58>,,<text:41>,<text:87>,<text:58>,,<text:79>,<text:120>,<text:48>,<text:77>,0,
41,<text:24>,<text:53>,<text:12>,<text:18>,<text:6>,<text:8>,<text:4>,<text:5>,<text:5>,<text:3>,2,1,0,1,11,,,<text:338>,<text:41>,,,<text:338>,,,<text:39>,<text:64>,0,
